{"1996Q1":{"时间":{"min":35155,"max":43100,"step":90.2840909090909},"数据类型":{"min":0,"max":1,"step":0.011363636363636364},"GDP增长率":{"min":6.4,"max":15,"step":0.09772727272727272},"工业增加值增长率":{"min":5.456666666666667,"max":20.033333333333335,"step":0.1656439393939394},"存货增长率":{"min":-1.9,"max":28.54,"step":0.3459090909090909},"固定投资增长率":{"min":-0.6819159701860237,"max":53.36752149598381,"step":0.6141981530246572},"CPI同比":{"min":-2.1666666666666665,"max":9.366666666666667,"step":0.13106060606060607},"M2/GDP":{"min":11.1402052635852,"max":24.1749684005519,"step":0.1481223083746216},"M2/GDP缺口":{"min":-1.59002039343608,"max":1.06401189356989,"step":0.030159457806886024},"M2增长率（季调）":{"min":8.51745838596726,"max":29.0102199371853,"step":0.23287229035475046},"实际利率":{"min":-0.5633333333333335,"max":8.786666666666667,"step":0.10625000000000001},"上证综指":{"min":546.6224074074074,"max":5367.8161666666665,"step":54.78629271885522},"上涨综指波动率":{"min":-0.6656007118644068,"max":0.716958,"step":0.015710894453004623},"股票市值/GDP":{"min":0.212748265685416,"max":4.45595155834059,"step":0.04821821923471789},"股票市值/GDP缺口":{"min":-0.857444794322141,"max":2.44223971000713,"step":0.037496414821923535},"实际有效汇率指数":{"min":81.87,"max":130.68,"step":0.5546590909090909},"实际有效汇率指数缺口":{"min":-6.21055543361055,"max":11.140979533605,"step":0.19717653371835853},"出口增长率":{"min":-23.758486086373797,"max":38.9610535740986,"step":0.7127220415962772},"进口增长率":{"min":-33.633645604084194,"max":61.280075286359555,"step":1.078565010118679},"出口金额/GDP":{"min":16.3742479793845,"max":35.6090279991779,"step":0.21857704567947042},"出口金额/GDP缺口":{"min":-6.27066745697466,"max":3.27885691305991,"step":0.10851732238675647},"进口金额/GDP":{"min":13.153669097827,"max":29.5542893451921,"step":0.18637068462914883},"进口金额/GDP缺口":{"min":-7.76209032125803,"max":3.40203483812041,"step":0.12686505862930045},"外汇储备增速":{"min":-11.398087233617312,"max":47.903629404109644,"step":0.6738831436105336},"外债风险指标:负债率":{"min":8.6,"max":17.2,"step":0.09772727272727272},"外债风险指标:债务率":{"min":24.7,"max":70.6,"step":0.521590909090909},"外债风险指标:偿债率":{"min":1.57,"max":11.3,"step":0.11056818181818183},"财政支出增长率":{"min":-7.83618220508484,"max":35.60438412320743,"step":0.4936427991851394},"财政收入/财政支出":{"min":0.806633380752564,"max":1.25177431842019,"step":0.005058419746223022},"财政收入/财政支出缺口":{"min":-0.214103594020388,"max":0.155869250243157,"step":0.004204236866631194},"贷款增速":{"min":2.8310402424126306,"max":33.260085555442394,"step":0.3457846058298837},"存款增速":{"min":7.271867826333519,"max":39.89037708469442,"step":0.37066487793591935},"贷存比":{"min":64.7081427833186,"max":92.59071164661223,"step":0.3168473734465185},"贷存比缺口":{"min":-3.93832940216997,"max":2.70757772342277,"step":0.07552167188173568},"短期贷款比例":{"min":32.68873253448574,"max":74.21952532433454,"step":0.4719408271573728},"短期贷款比例缺口":{"min":-4.27002432681352,"max":3.89747628237144,"step":0.09281250692255635},"中长期贷款比例缺口":{"min":20.32686396490482,"max":61.564675531780104,"step":0.46861149507812816},"中长期贷款比例":{"min":-3.23296933133636,"max":4.24590817887918,"step":0.0849872444342675},"短期贷款/GDP":{"min":4.49498701901821,"max":8.42950298355562,"step":0.04471040868792511},"短期贷款/GDP缺口":{"min":-0.826817064060795,"max":0.609384620643751,"step":0.016320473689824387},"国房景气指数":{"min":92.54,"max":108.45666666666666,"step":0.18087121212121202},"商品房销售面积:累计同比":{"min":-25.1,"max":51.7,"step":0.8727272727272729},"向非金融部门提供的信贷/GDP缺口":{"min":-15.5678505429928,"max":12.3156477192446,"step":0.3168579347981523},"向一般政府提供的信贷/GDP缺口":{"min":-2.76428252269715,"max":3.16926439564884,"step":0.06742666952665897},"向私营非金融部门提供信贷增速":{"min":1.3373079626438846,"max":36.14084862451169,"step":0.3954947802484978},"向私营非金融部门提供信贷/GDP增速":{"min":-8.453237410071948,"max":25.481611208406314,"step":0.3856232797554348},"向私营非金融部门提供信贷/GDP缺口1":{"min":-12.7669167031499,"max":10.4594149961729,"step":0.26393558749230456},"向私营非金融部门提供信贷/GDP缺口2":{"min":-11.9,"max":28.9,"step":0.4636363636363636},"银行对私营非金融部门的信贷增速":{"min":1.5818654950502615,"max":33.82067911863337,"step":0.36635015481344446},"银行对私营非金融部门的信贷/GDP缺口":{"min":-11.6497753915747,"max":10.8466439821561,"step":0.25564112924694093},"银行对私营非金融部门的信贷/GDP增速":{"min":-8.398133748055987,"max":23.016650342801178,"step":0.3569861828506496},"居民部门杠杆率缺口":{"min":-3.43700019541976,"max":3.15552032596022,"step":0.0749150059247725},"企业部门杠杆率缺口":{"min":-9.13974592941696,"max":13.5569830123486,"step":0.257917374338245}},"2000Q1":{"时间":{"min":36616,"max":43100,"step":90.05555555555556},"数据类型":{"min":0,"max":1,"step":0.013888888888888888},"货币乘数":{"min":3.78,"max":5.436666666666667,"step":0.02300925925925927},"CHIBOR":{"min":1.01,"max":4.7008,"step":0.05126111111111112},"经常项目增速":{"min":-656.7109372933206,"max":1656.0197075846643,"step":32.121258956638684},"经常项目/GDP":{"min":-0.2774343862359348,"max":11.117982281379804,"step":0.15826967593910748},"经常项目/GDP缺口":{"min":0.595001825021935,"max":7.41017593406272,"step":0.09465519595889979},"外债增速":{"min":-17.608126941052593,"max":87.75754387013012,"step":1.46341209459976},"中长期债务增速":{"min":-16.702977136196772,"max":172.23258348220665,"step":2.6241050085889364},"短期债务增速":{"min":-29.60731247269694,"max":541.2389998808483,"step":7.92842100491035},"短期外债/外债余额":{"min":8.29468439471405,"max":79.0344311682459,"step":0.9824964829657201},"短期外债/外债余额缺口":{"min":-13.6686835581742,"max":12.6015752870611,"step":0.3648647061838236},"外债余额/GDP":{"min":29.0087281674389,"max":61.3094851260973,"step":0.44862162442581105},"外债余额/GDP缺口":{"min":-9.11471104956477,"max":17.0921378252925,"step":0.36398401215079546},"短期外债/外汇储备":{"min":6.83170145267562,"max":38.9977951391459,"step":0.44675130120097606},"短期外债/外汇储备缺口":{"min":-14.3474756996609,"max":16.4142689711631,"step":0.42724645376144443},"房地产投资完成额占比":{"min":17.2133361307238,"max":25.5234837573998,"step":0.11541871703716665},"房地产投资完成额占比缺口":{"min":-2.3870502474564,"max":3.09631881888445,"step":0.07615790369917848},"房价增速1":{"min":-11.53956115160099,"max":28.378230019675335,"step":0.5544137662677268},"商品房销售额增速":{"min":-42.156852577722624,"max":259.94542953489247,"step":4.195865029341877},"商品房销售面积增速":{"min":-41.833320188830164,"max":208.53155429240428,"step":3.477289923350478},"全国商品房广义存销比:住房":{"min":5.983667706578034,"max":19.478417538313042,"step":0.18742708099631955},"全国商品房广义存销比缺口:住房":{"min":-3.59605877584727,"max":4.47445102213085,"step":0.11209041386080723},"全国商品房广义存销比":{"min":19.038408531735026,"max":40.23835815971469,"step":0.2944437448330509},"全国商品房广义存销比缺口":{"min":-4.84024161563664,"max":5.65708262349085,"step":0.1457961699878818},"房价/人均可支配收入增速":{"min":-0.2331693630908439,"max":0.19647183029414414,"step":0.005967238797013723},"房价/人均可支配收入":{"min":0.722623802992943,"max":1.821958855401,"step":0.015268542394556347},"房价/人均可支配收入缺口":{"min":-0.15846590476613,"max":0.214893417767731,"step":0.005185546146303625},"向非金融部门提供的信贷增速":{"min":3.8065564306415607,"max":36.57119852123066,"step":0.45506447348040413},"向非金融部门提供的信贷/GDP增速":{"min":-6.221889055472272,"max":25.831564048124555,"step":0.44518684866106706},"向一般政府提供的信贷增速":{"min":6.744777614930995,"max":38.38624508314237,"step":0.4394648259473802},"向一般政府提供的信贷/GDP增速":{"min":-7.508532423208189,"max":27.30627306273062,"step":0.4835389650824835},"DSR缺口":{"min":-2.0050588160265,"max":0.969673403647823,"step":0.041315725273254486},"DSR增速":{"min":-12.686567164179113,"max":25.641025641025642,"step":0.5323276778500661},"居民部门杠杆率增速":{"min":-5.555555555555555,"max":42.857142857142854,"step":0.6723985890652557},"企业部门杠杆率增速":{"min":-8.870967741935484,"max":22.77227722772277,"step":0.4394895134674758}},"2002Q1":{"时间":{"min":37346,"max":43281,"step":89.92424242424242},"数据类型":{"min":0,"max":1,"step":0.015625},"社融/GDP":{"min":9.2865714138232,"max":44.7199335156109,"step":0.5536462828404327},"社融/缺口":{"min":-10.8283825245335,"max":15.0452149484722,"step":0.4042749605157141},"上证综指市盈率":{"min":10.076666666666668,"max":60.873333333333335,"step":0.7936979166666667},"房地产开发投资完成额增速":{"min":-4.5819926007623994,"max":38.67763029134482,"step":0.6759316076891753}},