{
  "1996Q1": {
    "时间": {
      "min": 35155,
      "max": 43281,
      "step": 90.28888888888889
    },
    "数据类型": {
      "min": 0,
      "max": 1,
      "step": 0.011111111111111112
    },
    "GDP增长率": {
      "min": 6.4,
      "max": 15,
      "step": 0.09555555555555555
    },
    "工业增加值增长率": {
      "min": 5.456666666666667,
      "max": 20.033333333333335,
      "step": 0.16196296296296298
    },
    "存货增长率": {
      "min": -1.9,
      "max": 28.54,
      "step": 0.3382222222222222
    },
    "固定投资增长率": {
      "min": -0.6819159701860237,
      "max": 53.36752149598381,
      "step": 0.6005493051796649
    },
    "CPI同比": {
      "min": -2.1666666666666665,
      "max": 9.366666666666667,
      "step": 0.12814814814814815
    },
    "M2/GDP": {
      "min": 11.1402052635852,
      "max": 24.1749684005519,
      "step": 0.14483070152185223
    },
    "M2/GDP缺口": {
      "min": -1.59002039343608,
      "max": 1.06401189356989,
      "step": 0.029489247633399666
    },
    "M2增长率（季调）": {
      "min": 8.35745903826827,
      "max": 29.0102199371853,
      "step": 0.2294751210990781
    },
    "实际利率": {
      "min": -0.5633333333333335,
      "max": 8.786666666666667,
      "step": 0.1038888888888889
    },
    "上证综指": {
      "min": 546.6224074074074,
      "max": 5367.8161666666665,
      "step": 53.568819547325106
    },
    "上涨综指波动率": {
      "min": -0.6656007118644068,
      "max": 0.716958,
      "step": 0.015361763465160078
    },
    "股票市值/GDP": {
      "min": 0.212748265685416,
      "max": 4.45595155834059,
      "step": 0.04714670325172416
    },
    "股票市值/GDP缺口": {
      "min": -0.857444794322141,
      "max": 2.44223971000713,
      "step": 0.03666316115921412
    },
    "实际有效汇率指数": {
      "min": 81.87,
      "max": 130.68,
      "step": 0.5423333333333333
    },
    "实际有效汇率指数缺口": {
      "min": -6.21055543361055,
      "max": 11.140979533605,
      "step": 0.19279483296906166
    },
    "出口增长率": {
      "min": -23.758486086373797,
      "max": 38.9610535740986,
      "step": 0.6968837740052488
    },
    "进口增长率": {
      "min": -33.633645604084194,
      "max": 61.280075286359555,
      "step": 1.0545968987827083
    },
    "出口金额/GDP": {
      "min": 16.3742479793845,
      "max": 35.6090279991779,
      "step": 0.21371977799770442
    },
    "出口金额/GDP缺口": {
      "min": -6.27066745697466,
      "max": 3.27885691305991,
      "step": 0.10610582633371744
    },
    "进口金额/GDP": {
      "min": 13.153669097827,
      "max": 29.5542893451921,
      "step": 0.18222911385961219
    },
    "进口金额/GDP缺口": {
      "min": -7.76209032125803,
      "max": 3.40203483812041,
      "step": 0.12404583510420489
    },
    "外汇储备增速": {
      "min": -11.398087233617312,
      "max": 47.903629404109644,
      "step": 0.6589079626414106
    },
    "外债风险指标:负债率": {
      "min": 8.6,
      "max": 17.2,
      "step": 0.09772727272727272
    },
    "外债风险指标:债务率": {
      "min": 24.7,
      "max": 70.6,
      "step": 0.521590909090909
    },
    "外债风险指标:偿债率": {
      "min": 1.57,
      "max": 11.3,
      "step": 0.11056818181818183
    },
    "财政支出增长率": {
      "min": -7.83618220508484,
      "max": 35.60438412320743,
      "step": 0.48267295920324743
    },
    "财政收入/财政支出": {
      "min": 0.806633380752564,
      "max": 1.25177431842019,
      "step": 0.004946010418529177
    },
    "财政收入/财政支出缺口": {
      "min": -0.214103594020388,
      "max": 0.155869250243157,
      "step": 0.004110809380706056
    },
    "贷款增速": {
      "min": 2.8310402424126306,
      "max": 33.260085555442394,
      "step": 0.3381005034781085
    },
    "存款增速": {
      "min": 6.874121444377513,
      "max": 39.89037708469442,
      "step": 0.3668472848924101
    },
    "贷存比": {
      "min": 64.7081427833186,
      "max": 92.59071164661223,
      "step": 0.3098063207032625
    },
    "贷存比缺口": {
      "min": -3.93832940216997,
      "max": 2.70757772342277,
      "step": 0.073843412506586
    },
    "短期贷款比例": {
      "min": 31.865716390192464,
      "max": 74.21952532433454,
      "step": 0.4705978770460231
    },
    "短期贷款比例缺口": {
      "min": -4.27002432681352,
      "max": 3.89747628237144,
      "step": 0.09075000676872176
    },
    "中长期贷款比例": {
      "min": 20.32686396490482,
      "max": 62.309193252843485,
      "step": 0.46647032542154077
    },
    "undefined": {
      "min": -0.826817064060795,
      "max": 0.609384620643751,
      "step": 0.015957796496717178
    },
    "短期贷款/GDP": {
      "min": 4.49498701901821,
      "max": 8.42950298355562,
      "step": 0.04371684405041567
    },
    "国房景气指数": {
      "min": 92.54,
      "max": 108.45666666666666,
      "step": 0.17685185185185176
    },
    "商品房销售面积:累计同比": {
      "min": -25.1,
      "max": 51.7,
      "step": 0.8533333333333335
    },
    "向非金融部门提供的信贷/GDP缺口": {
      "min": -15.5678505429928,
      "max": 12.3156477192446,
      "step": 0.3168579347981523
    },
    "向一般政府提供的信贷/GDP缺口": {
      "min": -2.76428252269715,
      "max": 3.16926439564884,
      "step": 0.06742666952665897
    },
    "向私营非金融部门提供信贷增速": {
      "min": 1.3373079626438846,
      "max": 36.14084862451169,
      "step": 0.3954947802484978
    },
    "向私营非金融部门提供信贷/GDP增速": {
      "min": -8.453237410071948,
      "max": 25.481611208406314,
      "step": 0.3856232797554348
    },
    "向私营非金融部门提供信贷/GDP缺口1": {
      "min": -12.7669167031499,
      "max": 10.4594149961729,
      "step": 0.26393558749230456
    },
    "向私营非金融部门提供信贷/GDP缺口2": {
      "min": -11.9,
      "max": 28.9,
      "step": 0.4636363636363636
    },
    "银行对私营非金融部门的信贷增速": {
      "min": 1.5818654950502615,
      "max": 33.82067911863337,
      "step": 0.36635015481344446
    },
    "银行对私营非金融部门的信贷/GDP缺口": {
      "min": -11.6497753915747,
      "max": 10.8466439821561,
      "step": 0.25564112924694093
    },
    "银行对私营非金融部门的信贷/GDP增速": {
      "min": -8.398133748055987,
      "max": 23.016650342801178,
      "step": 0.3569861828506496
    },
    "居民部门杠杆率缺口": {
      "min": -3.43700019541976,
      "max": 3.15552032596022,
      "step": 0.0749150059247725
    },
    "企业部门杠杆率缺口": {
      "min": -9.13974592941696,
      "max": 13.5569830123486,
      "step": 0.257917374338245
    }
  },
  "2000Q1": {
    "时间": {
      "min": 36616,
      "max": 43281,
      "step": 90.06756756756756
    },
    "数据类型": {
      "min": 0,
      "max": 0,
      "step": 0
    },
    "货币乘数": {
      "min": 3.78,
      "max": 5.6433333333333335,
      "step": 0.025180180180180187
    },
    "CHIBOR": {
      "min": 1.01,
      "max": 4.7008,
      "step": 0.049875675675675676
    },
    "经常项目增速": {
      "min": -656.7109372933206,
      "max": 1656.0197075846643,
      "step": 31.253116822675473
    },
    "经常项目/GDP": {
      "min": -1.0907095220871392,
      "max": 11.117982281379804,
      "step": 0.1649823216684722
    },
    "经常项目/GDP缺口": {
      "min": 0.595001825021935,
      "max": 7.41017593406272,
      "step": 0.09209694741947007
    },
    "外债增速": {
      "min": -17.608126941052593,
      "max": 87.75754387013012,
      "step": 1.4433653535778452
    },
    "中长期债务增速": {
      "min": -16.702977136196772,
      "max": 172.23258348220665,
      "step": 2.5881583646356634
    },
    "短期债务增速": {
      "min": -29.60731247269694,
      "max": 541.2389998808483,
      "step": 7.8198124979937695
    },
    "短期外债/外债余额": {
      "min": 8.29468439471405,
      "max": 79.0344311682459,
      "step": 0.9690376270346829
    },
    "短期外债/外债余额缺口": {
      "min": -13.6686835581742,
      "max": 12.6015752870611,
      "step": 0.3598665595237712
    },
    "外债余额/GDP": {
      "min": 29.0087281674389,
      "max": 61.3094851260973,
      "step": 0.4424761227213479
    },
    "外债余额/GDP缺口": {
      "min": -9.11471104956477,
      "max": 17.0921378252925,
      "step": 0.3589979297925654
    },
    "短期外债/外汇储备": {
      "min": 6.83170145267562,
      "max": 38.9977951391459,
      "step": 0.4406314203626065
    },
    "短期外债/外汇储备缺口": {
      "min": -14.3474756996609,
      "max": 16.4142689711631,